id,lastname,firstname,phone,email,agent,city
1,Roberts,Abel,1-935-837-7186,dictum.cursus@google.couk,Joy Moss,Ledbury
2,Gill,Hamish,1-353-230-6771,praesent.eu@outlook.net,Hilary Oneil,Barrhead
3,Olsen,Vielka,1-168-745-0364,vivamus@outlook.net,Sybill Carroll,Crewe
4,Holman,Emerson,1-589-146-1216,et.pede@protonmail.org,Ursa Hopper,Perth
5,Stein,Rowan,1-339-865-3222,eu@hotmail.org,Samantha Stevens,Carmarthen
6,Dean,Addison,1-437-272-7328,nascetur.ridiculus@yahoo.ca,Wanda Craig,Witney
7,Chaney,Zephania,1-459-356-6219,pede.nunc@aol.com,Chandler Phillips,Coatbridge
8,Nichols,Latifah,1-151-171-4713,pede.blandit@icloud.edu,Burton Sheppard,Ambleside
9,Lynch,Prescott,1-339-448-2274,nibh.dolor@aol.edu,Paloma Bonner,Presteigne
10,Henderson,Lee,1-163-233-2871,tristique@outlook.org,Quintessa Simpson,Galashiels
11,Bean,Jemima,1-332-341-6621,urna.nunc@outlook.net,Gavin Lyons,Perth
12,Mcgee,Quemby,1-870-684-0260,vivamus.non@outlook.edu,Troy Gomez,Crewe
13,Harrell,Lucian,1-958-962-8031,ut.pellentesque@yahoo.org,Quentin Huff,Felixstowe
14,Walsh,Charlotte,1-389-597-2637,eu.accumsan.sed@google.com,Molly Hawkins,Wells
15,Prince,Nevada,1-813-997-8516,lectus.quis.massa@outlook.edu,Summer Boyle,Stonehaven
