ClientIndex,ClientID,FirstName,LastName,Email,Phone,Source
cfb56287-fc95-4029-8578-c2e3b633642f,1,Willa,Diaz,vitae.mauris@hotmail.ca,(270) 106-8638,Website
6cae8a64-c75d-4829-b0ef-a8a050560858,2,Anastasia,Jordan,odio@google.org,1-964-528-7078,Website
920d32b0-1196-4550-92c7-a5de29a18328,3,Aaron,Ball,curabitur@icloud.net,(663) 886-2236,Website
b64658d5-ebb6-4ac3-ba0d-be6e67459b0e,4,Ferdinand,Sloan,facilisis@outlook.couk,1-878-719-5545,Website
ba5673ae-d38c-4a76-9d3f-6524086cf562,5,Kevin,Best,ridiculus@hotmail.edu,(474) 633-3174,Website
6efd8ec0-8d3a-429a-a8fc-b6fb96218989,6,Alexander,Rollins,sagittis.semper@yahoo.org,1-819-501-6563,Website
fc4d206f-72c6-40d0-8346-69f344cf9e28,7,Davis,Blanchard,tortor@hotmail.ca,(329) 659-0508,Website
07ea02de-d9a4-4912-99d2-d4bd1e0133aa,8,Mufutau,Meyer,tellus.faucibus@protonmail.edu,1-823-107-6541,Website
0db7b48a-c032-46e5-a491-a37d73519d31,9,Salvador,Gibson,urna.convallis@outlook.ca,1-585-168-0217,Website
ba4a09ed-5f20-4d95-80f6-2c8ffca063ee,10,Octavius,Richardson,ante.ipsum@google.net,1-346-966-5505,Website
b393a516-3e3e-4e95-a3c8-91bf880d07f9,11,Baxter,Hammond,vulputate.dui@outlook.edu,(616) 121-6782,Website
71fcc786-7210-4d66-a314-a743f185c27a,12,Porter,Henry,suspendisse.ac@hotmail.couk,(474) 142-4876,Website
cd558a2b-538a-4740-aa78-fc9981ee92c8,13,Erin,Higgins,in.aliquet@hotmail.net,(814) 187-1860,Website
5c2c6dc9-eb07-41d4-99ec-83edfde38fe5,14,Prescott,Willis,non.ante@google.ca,(283) 129-7787,Website
d9098942-b3b9-45ad-a632-414c03829b14,15,Alana,Davis,conubia.nostra.per@google.couk,1-747-267-2416,Website
d41d6ea1-3a5e-451b-9594-f24a2542f48c,16,Ginger,Dillard,donec.feugiat.metus@yahoo.com,1-224-441-5775,Website
e045e805-b727-4033-8a9e-34a70643e836,17,Brett,Tyler,pharetra.felis@icloud.ca,1-684-771-6571,Website
06f03e45-d824-474f-a218-72e2b2ae8876,18,Jameson,Edwards,molestie.tortor.nibh@outlook.couk,1-452-864-1864,Website
456dcc2f-35e9-4047-a2e9-5e15d269b5e6,19,Priscilla,Mathis,sit.amet@icloud.net,1-556-282-2524,Website
4479b59c-f7f0-4b4b-bbd7-f1f9fdcb67eb,20,Mohammad,Burris,hendrerit.a@outlook.edu,1-681-964-4188,Website
1b6d3a29-286f-4529-a797-7f9a4751ef5c,21,Barbara,Mathews,vitae@protonmail.couk,(134) 687-1345,Website
391777ac-bcbb-4d20-a27f-66a6b3267612,22,Ariel,Stephenson,etiam.imperdiet@icloud.org,(503) 879-0295,Website
5d65126e-2d71-486a-8adc-c51ae57ee032,23,Chadwick,Meyers,magna@outlook.ca,(135) 873-1845,Website
d5e283d7-264b-4f82-a7b0-3b1a0ca26b44,24,Nicholas,Ratliff,felis.orci@protonmail.net,1-651-289-5596,Website
a09791da-eb85-4af9-a51d-c88c413598fc,25,Ila,Bartlett,iaculis.enim.sit@icloud.couk,(487) 723-0521,Website
6650eb84-6039-4cc5-b6a9-2e4407f2a27e,26,Testfirst,Testlast,testemail@gmail.com,6-912-116-0713,Website
3b19391f-5d9c-4f4c-906c-2e324dec7162,1,Hall,Burt,proin.vel@aol.org,1-344-392-8414,CRM
25fee378-852a-4c0e-8745-5e0324e55a1f,2,Isabelle,Griffin,cursus.purus.nullam@outlook.edu,1-402-700-0347,CRM
3c3b269d-afdc-4408-8dcd-991b358fdc5c,3,Brenna,Hendrix,ornare.tortor@icloud.edu,1-744-356-6575,CRM
55d6b63f-e126-462a-a0d9-359f1482365b,4,Hollee,Hatfield,parturient.montes.nascetur@yahoo.org,(513) 355-3583,CRM
3964534b-8544-4191-9812-66ee43156333,5,Lester,Cabrera,hendrerit.donec.porttitor@hotmail.com,(652) 873-1061,CRM
8aae582c-4dac-4d04-940b-650b4c928b11,6,Ann,Barrett,quis.massa@outlook.edu,(833) 166-6697,CRM
df091b0c-4f2e-4584-abea-370e30e247eb,7,Benedict,Barton,vitae@yahoo.edu,1-402-978-7131,CRM
292d6dba-065a-4649-b3e5-f0ba640a570e,8,Miranda,Eaton,maecenas.iaculis@hotmail.com,1-868-874-2959,CRM
75439ef3-4014-4c41-b85b-77bccd927486,9,Jack,Woods,aliquam.nec@hotmail.com,(532) 718-8624,CRM
71ecc66d-ace0-4323-b081-fef14b41b5e2,10,Burton,Gutierrez,consectetuer.ipsum@outlook.com,1-852-603-7474,CRM
2b638c6d-9af1-481c-8432-75ea5a5b7e30,11,Damian,Hobbs,lacinia.orci.consectetuer@icloud.com,(151) 551-7011,CRM
be716958-ba51-4b46-8593-bfca53b34d43,12,Cadman,Flores,inceptos@protonmail.com,(764) 134-8616,CRM
b278395a-e6dd-4cb0-8520-61b217c53491,13,Dalton,Newton,malesuada.malesuada@protonmail.couk,1-840-882-3821,CRM
4499e609-2a58-452e-a574-8d4eee1c6252,14,Stephen,Simon,fusce@hotmail.ca,1-525-509-7394,CRM
db179431-9355-4777-a0d3-b4fdcd5f792c,15,Noel,Solomon,feugiat.metus@outlook.ca,(421) 132-3504,CRM
1492abfc-655e-4c23-82fd-1ac5ce58bbe9,16,Patrick,Sanchez,mus.donec.dignissim@google.com,(367) 488-8884,CRM
f628ba10-6797-4677-9cfe-dd0c3327c21d,17,Dai,O'connor,ligula.aenean@icloud.edu,(518) 891-7524,CRM
86dd99f0-cb48-460e-aa2b-102ab56d2037,18,Tallulah,Jefferson,amet.orci.ut@icloud.couk,1-135-569-5267,CRM
caf16b56-d61c-44bd-85e9-5903112309f2,19,Zelda,Stevenson,ipsum@google.com,1-736-317-3141,CRM
ec24a133-abbb-4b5c-9626-f6d63e440ce8,20,Chava,Mcbride,magna@protonmail.com,1-735-422-8200,CRM
7b645be4-0fe4-4397-be8f-860a77e8c31c,21,Emery,Gill,ut@outlook.edu,1-421-166-4884,CRM
c91d8821-ea48-4768-b200-39ba61e316b9,22,Rowan,Evans,felis.adipiscing@icloud.org,(788) 656-3607,CRM
9fa0449a-78e2-48f0-b220-a4bd1cbea91d,23,Isaiah,Gibson,vitae.purus.gravida@protonmail.org,1-169-390-5733,CRM
4d415c92-4b37-4612-aae6-00e2173ba3af,24,Demetria,Salas,neque.pellentesque@aol.com,1-132-552-0334,CRM
69f5d304-e4f6-4a21-a859-179b9198b2dc,25,Quinlan,Watkins,id.magna.et@aol.com,(456) 870-4764,CRM
b9650365-2971-4a4e-b43d-6b960af88e34,26,Amela,Decker,eu.nulla@outlook.com,(857) 632-4986,CRM
6486fb9d-295c-464a-bfe0-c96f01abf0c5,27,Honorato,Mays,nisi.mauris@outlook.org,(794) 162-5521,CRM
eaa9624d-e7c1-4302-90cd-7f1cff60cb6c,28,Lisandra,Acosta,erat.neque.non@protonmail.edu,(741) 821-9457,CRM
a8c614e1-c420-475f-a4ff-786135a20fe9,29,Hedda,Burch,ipsum.nunc@outlook.com,1-623-773-2356,CRM
b9b0df13-f14b-4d22-8adc-bb17bebcf937,30,Alvin,Dillon,mauris.sagittis@protonmail.com,1-855-560-0728,CRM
185141fb-1938-4eb8-ab83-714fcb50e91a,31,Karina,Ewing,libero@yahoo.couk,(190) 299-4663,CRM
fc4194e3-d117-49a8-843b-ebba2a53d046,32,Farrah,Stephens,ipsum.curabitur@aol.org,(534) 666-7124,CRM
7ce5cde9-7e98-409b-9396-293241f5765c,33,Courtney,Lane,luctus.curabitur.egestas@yahoo.org,1-429-595-5102,CRM
03eec77c-5034-4e31-9bdb-d8625ef07602,34,Keane,Bruce,neque.morbi.quis@yahoo.com,(463) 657-7155,CRM
bdf8e547-3e39-4cdd-8722-6c771ebf1b8e,35,Aurelia,Spencer,cras@hotmail.edu,(825) 660-3781,CRM
fd900b81-d465-4bb5-8207-d550ffdfecd2,36,Ryan,Key,nulla.at.sem@outlook.ca,(527) 286-3831,CRM
618de68f-9c6e-4e10-ae09-6f2920d7ee86,37,Castor,Townsend,feugiat.placerat@yahoo.com,(577) 592-8362,CRM
78d96b6e-812a-4dcb-aec5-fd05ffe5707d,38,Isabella,Abbott,donec.egestas@outlook.net,(338) 507-5486,CRM
ca56b365-0025-4e5c-b7d2-1a1f2c550ba3,39,Yasir,Roy,erat@google.couk,(946) 218-3296,CRM
0f4387ae-6d95-400c-bebf-d7d8a6998df5,40,Carol,Hull,placerat.orci@protonmail.org,1-243-251-2385,CRM
39327ef0-1965-433c-be69-ec593dec436d,1,Abel,Roberts,dictum.cursus@google.couk,1-935-837-7186,Agent Reference
387497c4-6fc3-4f9a-a12f-372a48c7e353,2,Hamish,Gill,praesent.eu@outlook.net,1-353-230-6771,Agent Reference
4efee499-ba53-4b5f-9ae0-61cbda6296fd,3,Vielka,Olsen,vivamus@outlook.net,1-168-745-0364,Agent Reference
fa788d20-149e-40f0-9cbe-d072fb6bfa4e,4,Emerson,Holman,et.pede@protonmail.org,1-589-146-1216,Agent Reference
e173da71-ad23-476c-a7ca-d3b2baf5a303,5,Rowan,Stein,eu@hotmail.org,1-339-865-3222,Agent Reference
bea4d038-8c10-4fdd-bcf7-91cd85d68d58,6,Addison,Dean,nascetur.ridiculus@yahoo.ca,1-437-272-7328,Agent Reference
2598a4d1-15f2-4430-b986-627985ea38ff,7,Zephania,Chaney,pede.nunc@aol.com,1-459-356-6219,Agent Reference
939621b5-beee-4a6f-8711-6abb0f3d7888,8,Latifah,Nichols,pede.blandit@icloud.edu,1-151-171-4713,Agent Reference
f7a8f060-47de-4aff-a5c7-b02efba7e1ae,9,Prescott,Lynch,nibh.dolor@aol.edu,1-339-448-2274,Agent Reference
9a403301-2dde-4730-be65-3ace672abc18,10,Lee,Henderson,tristique@outlook.org,1-163-233-2871,Agent Reference
5fffd05f-c7d9-4226-9cac-f613d123d347,11,Jemima,Bean,urna.nunc@outlook.net,1-332-341-6621,Agent Reference
e8f7a973-480f-4c4e-b571-d63630196d7d,12,Quemby,Mcgee,vivamus.non@outlook.edu,1-870-684-0260,Agent Reference
03a4f1dd-3cd6-4272-8295-f28b85ca1aeb,13,Lucian,Harrell,ut.pellentesque@yahoo.org,1-958-962-8031,Agent Reference
e49fbba6-74a8-4b1a-bbcd-ec7eb411c76e,14,Charlotte,Walsh,eu.accumsan.sed@google.com,1-389-597-2637,Agent Reference
ce669773-9fc5-4d0d-bf3a-45565c99b289,15,Nevada,Prince,lectus.quis.massa@outlook.edu,1-813-997-8516,Agent Reference
