id,f_name,l_name,email,phone,date_added
1,Willa,Diaz,vitae.mauris@hotmail.ca,(270) 106-8638,"Mar 17, 2023"
2,Anastasia,Jordan,odio@google.org,1-964-528-7078,"Feb 21, 2025"
3,Aaron,Ball,curabitur@icloud.net,(663) 886-2236,"Oct 30, 2022"
4,Ferdinand,Sloan,facilisis@outlook.couk,1-878-719-5545,"Mar 4, 2023"
5,Kevin,Best,ridiculus@hotmail.edu,(474) 633-3174,"Jan 27, 2023"
6,Alexander,Rollins,sagittis.semper@yahoo.org,1-819-501-6563,"Dec 27, 2023"
7,Davis,Blanchard,tortor@hotmail.ca,(329) 659-0508,"May 6, 2024"
8,Mufutau,Meyer,tellus.faucibus@protonmail.edu,1-823-107-6541,"Oct 25, 2024"
9,Salvador,Gibson,urna.convallis@outlook.ca,1-585-168-0217,"Jan 21, 2025"
10,Octavius,Richardson,ante.ipsum@google.net,1-346-966-5505,"Apr 19, 2025"
11,Baxter,Hammond,vulputate.dui@outlook.edu,(616) 121-6782,"Sep 25, 2024"
12,Porter,Henry,suspendisse.ac@hotmail.couk,(474) 142-4876,"Mar 24, 2025"
13,Erin,Higgins,in.aliquet@hotmail.net,(814) 187-1860,"Oct 16, 2022"
14,Prescott,Willis,non.ante@google.ca,(283) 129-7787,"Feb 2, 2023"
15,Alana,Davis,conubia.nostra.per@google.couk,1-747-267-2416,"Mar 2, 2025"
16,Ginger,Dillard,donec.feugiat.metus@yahoo.com,1-224-441-5775,"Dec 23, 2023"
17,Brett,Tyler,pharetra.felis@icloud.ca,1-684-771-6571,"May 17, 2023"
18,Jameson,Edwards,molestie.tortor.nibh@outlook.couk,1-452-864-1864,"Sep 3, 2024"
19,Priscilla,Mathis,sit.amet@icloud.net,1-556-282-2524,"Jan 30, 2025"
20,Mohammad,Burris,hendrerit.a@outlook.edu,1-681-964-4188,"Aug 27, 2024"
21,Barbara,Mathews,vitae@protonmail.couk,(134) 687-1345,"May 9, 2025"
22,Ariel,Stephenson,etiam.imperdiet@icloud.org,(503) 879-0295,"Sep 22, 2022"
23,Chadwick,Meyers,magna@outlook.ca,(135) 873-1845,"Mar 26, 2023"
24,Nicholas,Ratliff,felis.orci@protonmail.net,1-651-289-5596,"Dec 5, 2022"
25,Ila,Bartlett,iaculis.enim.sit@icloud.couk,(487) 723-0521,"Jun 9, 2025"
26,Testfirst,Testlast,testemail@gmail.com,6-912-116-0713,"Jul 14, 2025"