id,first_name,last_name,phone,email,agent_name
1,Hall,Burt,1-344-392-8414,proin.vel@aol.org,Bo Cochran
2,Isabelle,Griffin,1-402-700-0347,cursus.purus.nullam@outlook.edu,Mariam Hawkins
3,Brenna,Hendrix,1-744-356-6575,ornare.tortor@icloud.edu,Clementine Guerrero
4,Hollee,Hatfield,(513) 355-3583,parturient.montes.nascetur@yahoo.org,Ursula Fleming
5,Lester,Cabrera,(652) 873-1061,hendrerit.donec.porttitor@hotmail.com,Regan Hardin
6,Ann,Barrett,(833) 166-6697,quis.massa@outlook.edu,Xyla Lambert
7,Benedict,Barton,1-402-978-7131,vitae@yahoo.edu,Kelsey Valentine
8,Miranda,Eaton,1-868-874-2959,maecenas.iaculis@hotmail.com,Burton Page
9,Jack,Woods,(532) 718-8624,aliquam.nec@hotmail.com,Macaulay Haney
10,Burton,Gutierrez,1-852-603-7474,consectetuer.ipsum@outlook.com,Lani Acevedo
11,Damian,Hobbs,(151) 551-7011,lacinia.orci.consectetuer@icloud.com,Andrew Hull
12,Cadman,Flores,(764) 134-8616,inceptos@protonmail.com,Wynne Page
13,Dalton,Newton,1-840-882-3821,malesuada.malesuada@protonmail.couk,Vaughan Abbott
14,Stephen,Simon,1-525-509-7394,fusce@hotmail.ca,Merritt Reid
15,Noel,Solomon,(421) 132-3504,feugiat.metus@outlook.ca,Vielka Andrews
16,Patrick,Sanchez,(367) 488-8884,mus.donec.dignissim@google.com,Lawrence Phelps
17,Dai,O'connor,(518) 891-7524,ligula.aenean@icloud.edu,Ignatius Sanchez
18,Tallulah,Jefferson,1-135-569-5267,amet.orci.ut@icloud.couk,Oren Erickson
19,Zelda,Stevenson,1-736-317-3141,ipsum@google.com,Whilemina Cross
20,Chava,Mcbride,1-735-422-8200,magna@protonmail.com,Aquila Ross
21,Emery,Gill,1-421-166-4884,ut@outlook.edu,Octavia Wright
22,Rowan,Evans,(788) 656-3607,felis.adipiscing@icloud.org,Unity Shepherd
23,Isaiah,Gibson,1-169-390-5733,vitae.purus.gravida@protonmail.org,Valentine Cooper
24,Demetria,Salas,1-132-552-0334,neque.pellentesque@aol.com,Rae Morton
25,Quinlan,Watkins,(456) 870-4764,id.magna.et@aol.com,Bo Sweeney
26,Amela,Decker,(857) 632-4986,eu.nulla@outlook.com,Alyssa Neal
27,Honorato,Mays,(794) 162-5521,nisi.mauris@outlook.org,Ignatius Sykes
28,Lisandra,Acosta,(741) 821-9457,erat.neque.non@protonmail.edu,Joseph Simmons
29,Hedda,Burch,1-623-773-2356,ipsum.nunc@outlook.com,Brody Gay
30,Alvin,Dillon,1-855-560-0728,mauris.sagittis@protonmail.com,Levi George
31,Karina,Ewing,(190) 299-4663,libero@yahoo.couk,Naida Hurley
32,Farrah,Stephens,(534) 666-7124,ipsum.curabitur@aol.org,Jamal Henry
33,Courtney,Lane,1-429-595-5102,luctus.curabitur.egestas@yahoo.org,Rebecca Ramsey
34,Keane,Bruce,(463) 657-7155,neque.morbi.quis@yahoo.com,Baxter Hunter
35,Aurelia,Spencer,(825) 660-3781,cras@hotmail.edu,Inga Hanson
36,Ryan,Key,(527) 286-3831,nulla.at.sem@outlook.ca,Penelope Adkins
37,Castor,Townsend,(577) 592-8362,feugiat.placerat@yahoo.com,Ciaran Mckee
38,Isabella,Abbott,(338) 507-5486,donec.egestas@outlook.net,Molly Hardy
39,Yasir,Roy,(946) 218-3296,erat@google.couk,Abbot Velez
40,Carol,Hull,1-243-251-2385,placerat.orci@protonmail.org,Martina Stout
